a,b,name_a,name_b,freq,median_faces
1001,1008,lh-bankssts,lh-inferiorparietal,1.0,81.0
2006,2007,rh-entorhinal,rh-fusiform,1.0,258.5
2001,2030,rh-bankssts,rh-superiortemporal,1.0,191.0
2002,2026,rh-caudalanteriorcingulate,rh-rostralanteriorcingulate,1.0,88.0
2002,2028,rh-caudalanteriorcingulate,rh-superiorfrontal,1.0,191.5
2003,2024,rh-caudalmiddlefrontal,rh-precentral,1.0,250.0
2003,2027,rh-caudalmiddlefrontal,rh-rostralmiddlefrontal,1.0,229.0
2003,2028,rh-caudalmiddlefrontal,rh-superiorfrontal,1.0,180.5
2005,2011,rh-cuneus,rh-lateraloccipital,1.0,101.5
2005,2021,rh-cuneus,rh-pericalcarine,1.0,153.0
2005,2025,rh-cuneus,rh-precuneus,1.0,196.5
2005,2029,rh-cuneus,rh-superiorparietal,1.0,120.0
2006,2016,rh-entorhinal,rh-parahippocampal,1.0,101.5
1019,1027,lh-parsorbitalis,lh-rostralmiddlefrontal,1.0,153.0
2007,2009,rh-fusiform,rh-inferiortemporal,1.0,800.5
2007,2011,rh-fusiform,rh-lateraloccipital,1.0,241.5
2007,2013,rh-fusiform,rh-lingual,1.0,321.5
2007,2016,rh-fusiform,rh-parahippocampal,1.0,314.5
2008,2011,rh-inferiorparietal,rh-lateraloccipital,1.0,290.5
2008,2015,rh-inferiorparietal,rh-middletemporal,1.0,195.5
2008,2029,rh-inferiorparietal,rh-superiorparietal,1.0,363.5
2008,2031,rh-inferiorparietal,rh-supramarginal,1.0,243.0
2009,2011,rh-inferiortemporal,rh-lateraloccipital,1.0,171.0
2009,2015,rh-inferiortemporal,rh-middletemporal,1.0,848.5
2001,2015,rh-bankssts,rh-middletemporal,1.0,208.5
2001,2008,rh-bankssts,rh-inferiorparietal,1.0,102.0
2000,2016,rh-unknown,rh-parahippocampal,1.0,61.0
2000,2006,rh-unknown,rh-entorhinal,1.0,154.5
1022,1024,lh-postcentral,lh-precentral,1.0,454.0
1022,1029,lh-postcentral,lh-superiorparietal,1.0,164.5
1022,1031,lh-postcentral,lh-supramarginal,1.0,338.5
1022,1035,lh-postcentral,lh-insula,1.0,86.0
1023,1025,lh-posteriorcingulate,lh-precuneus,1.0,96.0
1023,1028,lh-posteriorcingulate,lh-superiorfrontal,1.0,109.0
1024,1028,lh-precentral,lh-superiorfrontal,1.0,158.5
1024,1035,lh-precentral,lh-insula,1.0,56.0
1025,1029,lh-precuneus,lh-superiorparietal,1.0,368.0
1026,1028,lh-rostralanteriorcingulate,lh-superiorfrontal,1.0,185.0
1001,1015,lh-bankssts,lh-middletemporal,1.0,249.0
1027,1028,lh-rostralmiddlefrontal,lh-superiorfrontal,1.0,408.5
1027,1032,lh-rostralmiddlefrontal,lh-frontalpole,1.0,96.0
1028,1032,lh-superiorfrontal,lh-frontalpole,1.0,88.5
1029,1031,lh-superiorparietal,lh-supramarginal,1.0,106.5
1030,1031,lh-superiortemporal,lh-supramarginal,1.0,248.5
1030,1033,lh-superiortemporal,lh-temporalpole,1.0,192.5
1030,1034,lh-superiortemporal,lh-transversetemporal,1.0,262.0
1030,1035,lh-superiortemporal,lh-insula,1.0,174.0
1031,1035,lh-supramarginal,lh-insula,1.0,64.0
1034,1035,lh-transversetemporal,lh-insula,1.0,80.0
2010,2013,rh-isthmuscingulate,rh-lingual,1.0,120.0
2010,2023,rh-isthmuscingulate,rh-posteriorcingulate,1.0,87.0
2010,2025,rh-isthmuscingulate,rh-precuneus,1.0,372.0
2019,2020,rh-parsorbitalis,rh-parstriangularis,1.0,161.0
2020,2027,rh-parstriangularis,rh-rostralmiddlefrontal,1.0,170.5
2022,2024,rh-postcentral,rh-precentral,1.0,414.0
2022,2029,rh-postcentral,rh-superiorparietal,1.0,149.0
2022,2031,rh-postcentral,rh-supramarginal,1.0,335.0
2022,2035,rh-postcentral,rh-insula,1.0,82.0
2023,2025,rh-posteriorcingulate,rh-precuneus,1.0,86.0
2023,2028,rh-posteriorcingulate,rh-superiorfrontal,1.0,115.0
2024,2028,rh-precentral,rh-superiorfrontal,1.0,161.5
2024,2035,rh-precentral,rh-insula,1.0,51.0
2025,2029,rh-precuneus,rh-superiorparietal,1.0,382.5
2026,2028,rh-rostralanteriorcingulate,rh-superiorfrontal,1.0,118.0
2027,2028,rh-rostralmiddlefrontal,rh-superiorfrontal,1.0,374.5
2027,2032,rh-rostralmiddlefrontal,rh-frontalpole,1.0,126.0
2028,2032,rh-superiorfrontal,rh-frontalpole,1.0,63.0
2029,2031,rh-superiorparietal,rh-supramarginal,1.0,84.0
2030,2031,rh-superiortemporal,rh-supramarginal,1.0,197.0
2030,2033,rh-superiortemporal,rh-temporalpole,1.0,168.5
2030,2034,rh-superiortemporal,rh-transversetemporal,1.0,215.5
2030,2035,rh-superiortemporal,rh-insula,1.0,161.0
2031,2035,rh-supramarginal,rh-insula,1.0,80.0
2033,2035,rh-temporalpole,rh-insula,1.0,88.0
2019,2027,rh-parsorbitalis,rh-rostralmiddlefrontal,1.0,173.0
2018,2035,rh-parsopercularis,rh-insula,1.0,101.5
2011,2013,rh-lateraloccipital,rh-lingual,1.0,187.5
2018,2027,rh-parsopercularis,rh-rostralmiddlefrontal,1.0,85.0
2011,2021,rh-lateraloccipital,rh-pericalcarine,1.0,76.0
2011,2029,rh-lateraloccipital,rh-superiorparietal,1.0,144.0
2012,2014,rh-lateralorbitofrontal,rh-medialorbitofrontal,1.0,273.0
2012,2019,rh-lateralorbitofrontal,rh-parsorbitalis,1.0,235.5
2012,2020,rh-lateralorbitofrontal,rh-parstriangularis,1.0,63.0
2012,2027,rh-lateralorbitofrontal,rh-rostralmiddlefrontal,1.0,99.0
2012,2035,rh-lateralorbitofrontal,rh-insula,1.0,370.0
2013,2016,rh-lingual,rh-parahippocampal,1.0,113.0
2013,2021,rh-lingual,rh-pericalcarine,1.0,245.5
2013,2025,rh-lingual,rh-precuneus,1.0,92.0
2014,2026,rh-medialorbitofrontal,rh-rostralanteriorcingulate,1.0,282.5
2014,2028,rh-medialorbitofrontal,rh-superiorfrontal,1.0,130.0
2014,2032,rh-medialorbitofrontal,rh-frontalpole,1.0,150.5
2015,2030,rh-middletemporal,rh-superiortemporal,1.0,453.0
2017,2022,rh-paracentral,rh-postcentral,1.0,54.0
2017,2023,rh-paracentral,rh-posteriorcingulate,1.0,168.0
2017,2024,rh-paracentral,rh-precentral,1.0,116.5
2017,2025,rh-paracentral,rh-precuneus,1.0,91.5
2017,2028,rh-paracentral,rh-superiorfrontal,1.0,143.0
2018,2020,rh-parsopercularis,rh-parstriangularis,1.0,190.5
2018,2024,rh-parsopercularis,rh-precentral,1.0,260.0
1020,1027,lh-parstriangularis,lh-rostralmiddlefrontal,1.0,132.0
2034,2035,rh-transversetemporal,rh-insula,1.0,75.0
1019,1020,lh-parsorbitalis,lh-parstriangularis,1.0,148.5
1012,1020,lh-lateralorbitofrontal,lh-parstriangularis,1.0,93.0
1017,1024,lh-paracentral,lh-precentral,1.0,130.0
1017,1023,lh-paracentral,lh-posteriorcingulate,1.0,141.0
1005,1021,lh-cuneus,lh-pericalcarine,1.0,137.5
1005,1025,lh-cuneus,lh-precuneus,1.0,193.5
1015,1030,lh-middletemporal,lh-superiortemporal,1.0,475.0
1005,1029,lh-cuneus,lh-superiorparietal,1.0,153.0
1014,1032,lh-medialorbitofrontal,lh-frontalpole,1.0,132.0
1007,1011,lh-fusiform,lh-lateraloccipital,1.0,233.0
1014,1028,lh-medialorbitofrontal,lh-superiorfrontal,1.0,91.0
1014,1026,lh-medialorbitofrontal,lh-rostralanteriorcingulate,1.0,355.5
1013,1021,lh-lingual,lh-pericalcarine,1.0,195.0
1012,1035,lh-lateralorbitofrontal,lh-insula,1.0,264.5
1012,1027,lh-lateralorbitofrontal,lh-rostralmiddlefrontal,1.0,151.5
1012,1019,lh-lateralorbitofrontal,lh-parsorbitalis,1.0,225.0
1017,1028,lh-paracentral,lh-superiorfrontal,1.0,166.5
1012,1014,lh-lateralorbitofrontal,lh-medialorbitofrontal,1.0,394.5
1011,1029,lh-lateraloccipital,lh-superiorparietal,1.0,131.5
1011,1021,lh-lateraloccipital,lh-pericalcarine,1.0,61.0
1011,1013,lh-lateraloccipital,lh-lingual,1.0,214.0
1010,1025,lh-isthmuscingulate,lh-precuneus,1.0,395.0
1010,1013,lh-isthmuscingulate,lh-lingual,1.0,118.5
1009,1015,lh-inferiortemporal,lh-middletemporal,1.0,802.5
1009,1011,lh-inferiortemporal,lh-lateraloccipital,1.0,121.0
1008,1031,lh-inferiorparietal,lh-supramarginal,1.0,283.5
1008,1029,lh-inferiorparietal,lh-superiorparietal,1.0,343.0
1008,1015,lh-inferiorparietal,lh-middletemporal,1.0,112.0
1008,1011,lh-inferiorparietal,lh-lateraloccipital,1.0,298.0
1007,1009,lh-fusiform,lh-inferiortemporal,1.0,748.5
1017,1025,lh-paracentral,lh-precuneus,1.0,75.0
1007,1013,lh-fusiform,lh-lingual,1.0,287.5
1003,1024,lh-caudalmiddlefrontal,lh-precentral,1.0,290.0
1002,1028,lh-caudalanteriorcingulate,lh-superiorfrontal,1.0,200.0
1018,1020,lh-parsopercularis,lh-parstriangularis,1.0,186.0
1003,1018,lh-caudalmiddlefrontal,lh-parsopercularis,1.0,47.5
1018,1024,lh-parsopercularis,lh-precentral,1.0,240.0
1018,1027,lh-parsopercularis,lh-rostralmiddlefrontal,1.0,104.5
1002,1026,lh-caudalanteriorcingulate,lh-rostralanteriorcingulate,1.0,74.0
1001,1030,lh-bankssts,lh-superiortemporal,1.0,226.0
1002,1023,lh-caudalanteriorcingulate,lh-posteriorcingulate,1.0,76.0
1003,1027,lh-caudalmiddlefrontal,lh-rostralmiddlefrontal,1.0,227.0
1003,1028,lh-caudalmiddlefrontal,lh-superiorfrontal,1.0,200.5
1005,1011,lh-cuneus,lh-lateraloccipital,1.0,86.0
1018,1035,lh-parsopercularis,lh-insula,1.0,104.0
1017,1022,lh-paracentral,lh-postcentral,0.9933333333333333,53.0
1007,1016,lh-fusiform,lh-parahippocampal,0.9933333333333333,318.0
2002,2023,rh-caudalanteriorcingulate,rh-posteriorcingulate,0.9933333333333333,74.0
2006,2033,rh-entorhinal,rh-temporalpole,0.9933333333333333,163.0
1006,1007,lh-entorhinal,lh-fusiform,0.9933333333333333,249.0
1009,1033,lh-inferiortemporal,lh-temporalpole,0.9933333333333333,63.0
1007,1033,lh-fusiform,lh-temporalpole,0.9933333333333333,95.0
1006,1033,lh-entorhinal,lh-temporalpole,0.9933333333333333,219.0
1006,1016,lh-entorhinal,lh-parahippocampal,0.9933333333333333,103.0
2000,2035,rh-unknown,rh-insula,0.9933333333333333,141.0
1010,1023,lh-isthmuscingulate,lh-posteriorcingulate,0.9933333333333333,89.0
1013,1016,lh-lingual,lh-parahippocampal,0.9933333333333333,100.0
2011,2015,rh-lateraloccipital,rh-middletemporal,0.9866666666666667,69.0
2009,2033,rh-inferiortemporal,rh-temporalpole,0.9866666666666667,68.0
1013,1025,lh-lingual,lh-precuneus,0.98,79.0
2015,2033,rh-middletemporal,rh-temporalpole,0.98,60.0
2001,2031,rh-bankssts,rh-supramarginal,0.98,42.0
1015,1033,lh-middletemporal,lh-temporalpole,0.98,65.0
2012,2032,rh-lateralorbitofrontal,rh-frontalpole,0.98,54.0
1020,1035,lh-parstriangularis,lh-insula,0.96,38.5
2003,2018,rh-caudalmiddlefrontal,rh-parsopercularis,0.9533333333333334,51.0
2007,2033,rh-fusiform,rh-temporalpole,0.9533333333333334,71.0
1005,2005,lh-cuneus,rh-cuneus,0.9466666666666667,108.5
1021,1025,lh-pericalcarine,lh-precuneus,0.9333333333333333,38.0
2000,2010,rh-unknown,rh-isthmuscingulate,0.9266666666666666,45.0
1011,1015,lh-lateraloccipital,lh-middletemporal,0.9266666666666666,42.0
1023,2023,lh-posteriorcingulate,rh-posteriorcingulate,0.92,124.5
1012,1032,lh-lateralorbitofrontal,lh-frontalpole,0.9066666666666666,37.0
1025,2025,lh-precuneus,rh-precuneus,0.8866666666666667,114.0
1010,2010,lh-isthmuscingulate,rh-isthmuscingulate,0.8666666666666667,67.5
2021,2025,rh-pericalcarine,rh-precuneus,0.84,33.5
1014,1035,lh-medialorbitofrontal,lh-insula,0.82,56.0
1013,2013,lh-lingual,rh-lingual,0.82,85.0
1006,1035,lh-entorhinal,lh-insula,0.78,56.0
2000,2026,rh-unknown,rh-rostralanteriorcingulate,0.7733333333333333,40.5
2020,2035,rh-parstriangularis,rh-insula,0.68,32.0
1001,1031,lh-bankssts,lh-supramarginal,0.6466666666666666,30.0
1010,1016,lh-isthmuscingulate,lh-parahippocampal,0.5866666666666667,27.0
1014,2014,lh-medialorbitofrontal,rh-medialorbitofrontal,0.5733333333333334,36.0
2000,2002,rh-unknown,rh-caudalanteriorcingulate,0.56,38.5
1017,2017,lh-paracentral,rh-paracentral,0.5466666666666666,79.5
2000,2012,rh-unknown,rh-lateralorbitofrontal,0.5266666666666666,54.0
2010,2016,rh-isthmuscingulate,rh-parahippocampal,0.52,28.0
1028,2028,lh-superiorfrontal,rh-superiorfrontal,0.49333333333333335,50.5
1033,1035,lh-temporalpole,lh-insula,0.48,39.0
2000,2023,rh-unknown,rh-posteriorcingulate,0.48,39.0
2006,2035,rh-entorhinal,rh-insula,0.4533333333333333,36.0
2000,2014,rh-unknown,rh-medialorbitofrontal,0.4533333333333333,57.0
2031,2034,rh-supramarginal,rh-transversetemporal,0.4533333333333333,31.0
1005,1013,lh-cuneus,lh-lingual,0.44,40.5
2014,2035,rh-medialorbitofrontal,rh-insula,0.41333333333333333,102.5
2005,2013,rh-cuneus,rh-lingual,0.38,37.0
1031,1034,lh-supramarginal,lh-transversetemporal,0.36666666666666664,32.0
1005,2013,lh-cuneus,rh-lingual,0.30666666666666664,62.0
1025,2005,lh-precuneus,rh-cuneus,0.29333333333333333,43.0
2022,2030,rh-postcentral,rh-superiortemporal,0.24666666666666667,41.0
2022,2034,rh-postcentral,rh-transversetemporal,0.23333333333333334,30.0
1026,2026,lh-rostralanteriorcingulate,rh-rostralanteriorcingulate,0.22666666666666666,38.0
1026,2014,lh-rostralanteriorcingulate,rh-medialorbitofrontal,0.22666666666666666,39.0
1005,2021,lh-cuneus,rh-pericalcarine,0.22666666666666666,33.5
2000,2033,rh-unknown,rh-temporalpole,0.20666666666666667,33.0
1013,2005,lh-lingual,rh-cuneus,0.19333333333333333,39.0
1023,2010,lh-posteriorcingulate,rh-isthmuscingulate,0.18,31.0
1022,1034,lh-postcentral,lh-transversetemporal,0.18,32.0
1022,1030,lh-postcentral,lh-superiortemporal,0.16666666666666666,35.0
1024,1030,lh-precentral,lh-superiortemporal,0.15333333333333332,39.0
1021,2005,lh-pericalcarine,rh-cuneus,0.14,32.0
2024,2030,rh-precentral,rh-superiortemporal,0.13333333333333333,34.0
1010,2025,lh-isthmuscingulate,rh-precuneus,0.12666666666666668,36.0
1028,2017,lh-superiorfrontal,rh-paracentral,0.11333333333333333,48.0
1010,2023,lh-isthmuscingulate,rh-posteriorcingulate,0.09333333333333334,27.0
1029,2005,lh-superiorparietal,rh-cuneus,0.08666666666666667,37.0
1015,1031,lh-middletemporal,lh-supramarginal,0.08,28.5
1002,2002,lh-caudalanteriorcingulate,rh-caudalanteriorcingulate,0.06666666666666667,34.0
1013,2021,lh-lingual,rh-pericalcarine,0.06,25.0
1024,1034,lh-precentral,lh-transversetemporal,0.05333333333333334,26.5
2015,2031,rh-middletemporal,rh-supramarginal,0.05333333333333334,26.0
1008,1030,lh-inferiorparietal,lh-superiortemporal,0.04666666666666667,22.0
1006,1009,lh-entorhinal,lh-inferiortemporal,0.04666666666666667,26.0
1025,2029,lh-precuneus,rh-superiorparietal,0.04666666666666667,25.0
1024,2017,lh-precentral,rh-paracentral,0.04,25.0
1028,2023,lh-superiorfrontal,rh-posteriorcingulate,0.04,39.0
1006,1030,lh-entorhinal,lh-superiortemporal,0.04,23.5
2022,2025,rh-postcentral,rh-precuneus,0.04,20.0
1021,2013,lh-pericalcarine,rh-lingual,0.03333333333333333,32.0
2018,2030,rh-parsopercularis,rh-superiortemporal,0.03333333333333333,24.0
2012,2030,rh-lateralorbitofrontal,rh-superiortemporal,0.03333333333333333,34.0
1005,2025,lh-cuneus,rh-precuneus,0.02666666666666667,54.5
2017,2029,rh-paracentral,rh-superiorparietal,0.02666666666666667,27.5
1026,2028,lh-rostralanteriorcingulate,rh-superiorfrontal,0.02666666666666667,34.5
1021,2021,lh-pericalcarine,rh-pericalcarine,0.02666666666666667,23.5
1018,1030,lh-parsopercularis,lh-superiortemporal,0.02666666666666667,26.5
2006,2009,rh-entorhinal,rh-inferiortemporal,0.02666666666666667,27.0
2000,2007,rh-unknown,rh-fusiform,0.02666666666666667,22.5
1012,1033,lh-lateralorbitofrontal,lh-temporalpole,0.02666666666666667,28.0
1028,2002,lh-superiorfrontal,rh-caudalanteriorcingulate,0.02666666666666667,26.0
1014,2026,lh-medialorbitofrontal,rh-rostralanteriorcingulate,0.02,23.0
2008,2030,rh-inferiorparietal,rh-superiortemporal,0.02,24.0
1011,2013,lh-lateraloccipital,rh-lingual,0.02,46.0
2008,2009,rh-inferiorparietal,rh-inferiortemporal,0.02,20.0
1017,2025,lh-paracentral,rh-precuneus,0.02,22.0
2024,2027,rh-precentral,rh-rostralmiddlefrontal,0.02,73.0
1017,1029,lh-paracentral,lh-superiorparietal,0.02,27.0
1025,2023,lh-precuneus,rh-posteriorcingulate,0.02,21.0
1026,1035,lh-rostralanteriorcingulate,lh-insula,0.013333333333333334,28.5
1017,2023,lh-paracentral,rh-posteriorcingulate,0.013333333333333334,27.0
1025,2021,lh-precuneus,rh-pericalcarine,0.013333333333333334,23.5
1014,2012,lh-medialorbitofrontal,rh-lateralorbitofrontal,0.013333333333333334,23.5
1023,2028,lh-posteriorcingulate,rh-superiorfrontal,0.013333333333333334,33.0
1014,2035,lh-medialorbitofrontal,rh-insula,0.013333333333333334,26.0
1007,1015,lh-fusiform,lh-middletemporal,0.013333333333333334,23.5
2020,2030,rh-parstriangularis,rh-superiortemporal,0.013333333333333334,26.0
1010,1021,lh-isthmuscingulate,lh-pericalcarine,0.013333333333333334,27.5
1005,2029,lh-cuneus,rh-superiorparietal,0.013333333333333334,39.5
1005,2011,lh-cuneus,rh-lateraloccipital,0.013333333333333334,25.0
2012,2033,rh-lateralorbitofrontal,rh-temporalpole,0.006666666666666667,22.0
1006,1014,lh-entorhinal,lh-medialorbitofrontal,0.006666666666666667,23.0
1022,2017,lh-postcentral,rh-paracentral,0.006666666666666667,22.0
1018,1019,lh-parsopercularis,lh-parsorbitalis,0.006666666666666667,22.0
1011,2021,lh-lateraloccipital,rh-pericalcarine,0.006666666666666667,35.0
1023,2025,lh-posteriorcingulate,rh-precuneus,0.006666666666666667,46.0
1019,1035,lh-parsorbitalis,lh-insula,0.006666666666666667,23.0
1025,2010,lh-precuneus,rh-isthmuscingulate,0.006666666666666667,21.0
1025,2013,lh-precuneus,rh-lingual,0.006666666666666667,30.0
1005,1010,lh-cuneus,lh-isthmuscingulate,0.006666666666666667,42.0
1012,2014,lh-lateralorbitofrontal,rh-medialorbitofrontal,0.006666666666666667,24.0
2000,2025,rh-unknown,rh-precuneus,0.006666666666666667,24.0
2000,2015,rh-unknown,rh-middletemporal,0.006666666666666667,42.0
2000,2009,rh-unknown,rh-inferiortemporal,0.006666666666666667,41.0
1035,2035,lh-insula,rh-insula,0.006666666666666667,22.0
1029,2025,lh-superiorparietal,rh-precuneus,0.006666666666666667,26.0
1012,1030,lh-lateralorbitofrontal,lh-superiortemporal,0.006666666666666667,27.0
